1.417790077874708787e+00,3.300000000000000000e+01,7.459430820179441923e+01,5.622232869786748779e+02,-1.288642198059699240e+02,7.922641141348584597e+02
2.330152622450243793e+00,2.000000000000000000e+01,8.774978804095626117e+01,5.017534469743284831e+02,-1.221702656462507548e+02,1.951110743133648384e+03
3.209537162621659334e+00,4.100000000000000000e+01,8.879148828225345369e+01,4.906510046072448858e+02,-8.278692352294171997e+01,2.332282131390149971e+02
3.128023282382593084e+00,3.100000000000000000e+01,9.031289851765458820e+01,4.792120585997101898e+02,-6.951891068942535412e+01,-4.378136899803969300e+02
1.945846310822003211e+00,5.300000000000000000e+01,9.611104885098858119e+01,4.743331105507045891e+02,-6.656299592554307765e+01,1.389770352762078346e+03
1.892429711726641539e+00,2.100000000000000000e+01,9.614791449708006610e+01,4.716906073114009246e+02,-4.046867172353722708e+01,1.280099479281372169e+03
1.616347577847935257e+00,4.300000000000000000e+01,9.629754751131555679e+01,4.705516838884752246e+02,-1.508422373375776715e+01,-2.874971315816416109e+02
1.673638839653196264e+00,4.700000000000000000e+01,9.849026465319062140e+01,4.695710942841934070e+02,-1.497192218064657254e+01,-6.141261055171783028e+02
2.152822748296759237e+00,4.300000000000000000e+01,9.868666686440776914e+01,4.684154359559298655e+02,-1.026712259893383816e+01,2.820214124533657696e+02
2.197080630512660449e+00,5.700000000000000000e+01,1.000703154733010223e+02,4.674376495371931810e+02,-3.912024495299078808e+00,1.203561026271879200e+03
1.621414719796325121e+00,4.300000000000000000e+01,1.037172236483788623e+02,4.634803828070481018e+02,1.340107845720928026e+01,1.189873233094456509e+03
2.453980961044910369e+00,4.800000000000000000e+01,1.064877650204088724e+02,4.594311094728764715e+02,1.599655333393184264e+01,3.409316520973641218e+02
3.744668762810975160e+00,3.100000000000000000e+01,1.070857826940179507e+02,4.586040122964359966e+02,1.632949316096517123e+01,8.406042237500555530e+02
2.923899437590571360e+00,4.800000000000000000e+01,1.109948203206829049e+02,4.578045584835880391e+02,2.154790945689381942e+01,-1.020654013562684668e+02
1.601935502564977742e+00,2.900000000000000000e+01,1.124634030739905910e+02,4.574788377714860417e+02,2.227933880967594860e+01,8.813742647861045043e+01
2.095451732993582006e+00,5.800000000000000000e+01,1.129572300432147642e+02,4.498817914721994384e+02,2.732219109359198228e+01,5.722319659301626871e+01
2.192771165924797039e+00,4.300000000000000000e+01,1.132264408380643772e+02,4.481109990420953864e+02,5.168041810013556869e+01,4.971512925941582921e+02
5.213096839711621744e-01,5.800000000000000000e+01,1.136204406210856490e+02,4.459522112245119274e+02,5.414951745173812014e+01,1.164233255546161217e+03
3.542648566625008932e+00,4.500000000000000000e+01,1.136256384782316928e+02,4.425925754558383005e+02,7.433965360767848551e+01,7.642165796728743317e+02
2.184964567917005329e+00,4.500000000000000000e+01,1.170767715989764781e+02,4.399936189125050987e+02,8.127182561384779547e+01,1.665822335970746735e+03
2.591186190947540879e+00,4.400000000000000000e+01,1.189694376794523549e+02,4.371242507873629393e+02,8.207678601317411449e+01,-6.614473916497645405e+02
2.778366721375805870e+00,2.800000000000000000e+01,1.221345179435658537e+02,4.359997318368591550e+02,8.755997394481011042e+01,3.142530811003902272e+03
1.775197969829047207e+00,2.600000000000000000e+01,1.224308981665309659e+02,4.324940666948825765e+02,8.817907100215404625e+01,9.512292646809862617e+01
4.375027391414217703e+00,2.500000000000000000e+01,1.235889903536496206e+02,4.318461386596221701e+02,9.151192146839849784e+01,-4.524607253570275134e+01
2.304839120802585573e+00,2.100000000000000000e+01,1.243628346208300997e+02,4.233533853006716754e+02,9.235774815954579253e+01,1.448209774257646131e+03
3.552324879607048125e+00,5.500000000000000000e+01,1.249320837866868317e+02,4.233525671073592207e+02,9.803602430891498898e+01,8.622384040200211075e+02
2.438145603172673592e+00,5.600000000000000000e+01,1.272206650896613951e+02,4.189550871663678890e+02,1.017925055685175266e+02,9.021861130202753429e+02
3.084864772553701950e+00,5.500000000000000000e+01,1.285050534516072389e+02,4.147916986171405256e+02,1.182020614994088419e+02,9.221408364136584623e+01
1.965572858838975367e+00,2.600000000000000000e+01,1.289369847193295584e+02,4.144726802052448420e+02,1.194275598698592944e+02,1.264233957706466754e+03
3.599419069515937153e+00,2.200000000000000000e+01,1.330605755883771621e+02,4.130242752574282576e+02,1.238962767886578149e+02,1.057985668461627711e+03
1.598483541677063080e+00,3.900000000000000000e+01,1.335246030078955641e+02,4.116391927382871927e+02,1.360203369191730758e+02,9.127327305598964813e+01
3.376552735933462390e+00,5.500000000000000000e+01,1.337006389638917199e+02,4.072192164687762670e+02,1.497207952903841033e+02,2.076893820482896444e+03
1.499780019547968468e+00,3.300000000000000000e+01,1.338181367982472239e+02,4.067044124278000936e+02,1.497212200479015394e+02,-2.889410581418544552e+02
1.141735634474870364e+00,5.400000000000000000e+01,1.342769233592437672e+02,4.051522102868387947e+02,1.627690216110475490e+02,1.904129017445306090e+03
2.836771870131480355e+00,5.100000000000000000e+01,1.347484355366007662e+02,4.041856933691053655e+02,1.751005110453637030e+02,1.221065028017131681e+03
1.303280720143067395e+00,2.700000000000000000e+01,1.347650626747819160e+02,3.976123071671097478e+02,1.786497371150427966e+02,1.116125207555056932e+03
1.167863223903939041e+00,2.500000000000000000e+01,1.374223382531422999e+02,3.973871041706083247e+02,1.827082452422094434e+02,1.230936343075730292e+03
1.500843561492066991e+00,4.200000000000000000e+01,1.394486223985461493e+02,3.968038703844567294e+02,1.844028764403419132e+02,1.535492423605723616e+03
2.658875435288457378e+00,4.900000000000000000e+01,1.403276605562522263e+02,3.916403388240389631e+02,1.910782231881566986e+02,1.620281558186186658e+03
2.288353604283829501e+00,5.500000000000000000e+01,1.407861153290384095e+02,3.891023635393694349e+02,1.945839532726841696e+02,1.349916417475174285e+03
5.115301165936256833e-01,4.000000000000000000e+01,1.419276436728549129e+02,3.890579412858933210e+02,1.950261335950485773e+02,-3.096307849975062254e+02
3.025073579200468377e+00,3.200000000000000000e+01,1.421893246555624160e+02,3.880822573294594235e+02,1.957286453367076149e+02,2.104074093156385061e+03
2.923293995199375050e+00,2.900000000000000000e+01,1.422530339575199321e+02,3.834262907948652810e+02,1.964189378894805884e+02,5.583080539420493551e+02
1.228822255586814460e+00,2.500000000000000000e+01,1.437086533653815081e+02,3.833060183029375025e+02,1.966620919351526311e+02,-5.695492896080170340e+02
3.111622919752434324e+00,5.200000000000000000e+01,1.443965210778947608e+02,3.829870166409440344e+02,1.966823655064425225e+02,1.321062232278202373e+03
2.989031401417569178e+00,5.900000000000000000e+01,1.445126896398842575e+02,3.820106922440419339e+02,1.968655750462414460e+02,8.232674103856732017e+01
7.242468820164871257e-01,2.900000000000000000e+01,1.449529310514527936e+02,3.808482501375791571e+02,1.978397995609009286e+02,-6.414516460703900975e+02
2.191908451904601929e+00,5.300000000000000000e+01,1.455111896257509443e+02,3.806236366949880789e+02,2.014275823032456572e+02,1.247923778015777771e+03
4.492505924956484264e+00,3.000000000000000000e+01,1.455456679456516156e+02,3.799505751092265200e+02,2.090026977001331261e+02,8.125105535784643962e+01
3.182248018859512140e+00,3.400000000000000000e+01,1.473218260855045685e+02,3.777355917920589263e+02,2.164156746923050321e+02,2.454513365870423058e+01
2.495806856510159655e+00,3.800000000000000000e+01,1.478984360323813121e+02,3.776267805380565505e+02,2.191857813523703555e+02,1.042234650038643395e+03
2.414064790207315347e+00,2.100000000000000000e+01,1.483890689584009976e+02,3.768992968501941050e+02,2.198115044420917741e+02,1.410867711997225342e+03
2.717149898942231800e+00,5.900000000000000000e+01,1.487286472050210762e+02,3.760236136729504324e+02,2.216506393012528235e+02,1.483329286119231710e+03
2.592253660296651496e+00,4.700000000000000000e+01,1.492467298770610000e+02,3.743146690408008794e+02,2.224388445534166578e+02,7.008328237164383836e+02
2.497415522498720009e+00,2.800000000000000000e+01,1.492979124805868594e+02,3.741306950649421879e+02,2.243672093905084921e+02,-4.058697477455705211e+02
2.739503628354690523e+00,3.100000000000000000e+01,1.506740360526941060e+02,3.720872032060862580e+02,2.265756177624219561e+02,-9.553982587678026448e+02
8.457044130846771424e-01,5.300000000000000000e+01,1.508458894261874832e+02,3.716553528029488689e+02,2.303798323704598090e+02,-6.809877799122652959e+02
2.888065093485508328e+00,3.100000000000000000e+01,1.519274763229739165e+02,3.715596433515818262e+02,2.328677141843190270e+02,9.765878469126724895e+02
4.361170830435142420e+00,2.100000000000000000e+01,1.524716774922797526e+02,3.712490583114666833e+02,2.335946434569825101e+02,6.704143808187706099e+02
3.068678066201826038e+00,2.800000000000000000e+01,1.525784829381598797e+02,3.710633761266765305e+02,2.349565452880721637e+02,1.015918828962245811e+03
2.199456411593826655e+00,4.900000000000000000e+01,1.530911710394710212e+02,3.700286761165800726e+02,2.365312545398823829e+02,-7.710030545946169696e+02
3.191468698231296752e+00,2.100000000000000000e+01,1.536590334030257168e+02,3.685200208376727460e+02,2.365555612276752981e+02,3.874905411866934060e+02
2.523689735122329747e+00,5.200000000000000000e+01,1.540202865531585985e+02,3.684866363563402274e+02,2.371482830634014647e+02,1.748981681297242858e+03
4.151697198419924462e+00,3.000000000000000000e+01,1.555254247350687535e+02,3.679024918069952719e+02,2.386351830969089463e+02,1.955659741294238756e+03
3.035882004253187993e+00,3.700000000000000000e+01,1.558392853844675585e+02,3.647857758929048373e+02,2.442422978441937573e+02,8.717215340116813422e+02
1.079661264493833484e+00,5.600000000000000000e+01,1.558726137106380065e+02,3.618683286730874897e+02,2.474515047926955447e+02,2.078809660455749508e+01
2.169080132831468610e+00,5.800000000000000000e+01,1.570757752464840280e+02,3.614635601957324411e+02,2.521745303328974899e+02,1.343699885104211717e+03
1.089239852071999914e+00,5.600000000000000000e+01,1.588381907864420555e+02,3.613868248150478735e+02,2.545415845194482927e+02,1.268727603221033178e+03
3.852279515531441767e+00,5.400000000000000000e+01,1.602137664771768755e+02,3.594734499648196220e+02,2.572834954962942220e+02,9.405880099392347802e+02
1.422476229402956038e+00,5.100000000000000000e+01,1.608018802531200322e+02,3.582548765719522521e+02,2.632114083444884045e+02,-1.595976836769546026e+01
2.155442387327035192e+00,4.000000000000000000e+01,1.613639128774121900e+02,3.581532954275415364e+02,2.676346388803511900e+02,4.263253398929168725e+01
2.540730778631727915e+00,5.100000000000000000e+01,1.614843197879552861e+02,3.580255988443456658e+02,2.697463949359768094e+02,9.420533729460930772e+02
2.653686340185590353e+00,2.900000000000000000e+01,1.637733733744900064e+02,3.574536470605495424e+02,2.717015412814022284e+02,-8.614609250017999784e+02
3.415195811061634945e+00,5.300000000000000000e+01,1.642517187871017654e+02,3.572579613631747293e+02,2.724613956775315842e+02,1.267713599861315743e+03
2.284500967071110278e+00,3.900000000000000000e+01,1.643423841247531811e+02,3.556662968188323930e+02,2.738904939568046757e+02,-9.105380694386781215e+00
1.623546139247829201e+00,4.700000000000000000e+01,1.648761095931981799e+02,3.552477998261026073e+02,2.744603996355331788e+02,-2.907394178997850531e+02
2.121715833816436803e+00,5.800000000000000000e+01,1.654703167763494207e+02,3.540322161926318358e+02,2.783943074603892569e+02,1.517396555184838007e+02
1.829281206624835177e+00,3.000000000000000000e+01,1.659019260711355344e+02,3.528995543021976005e+02,2.803609800669224228e+02,7.580556682544249725e+01
2.872869532753611121e+00,5.400000000000000000e+01,1.661034811879435438e+02,3.524687422196938655e+02,2.809710815258677030e+02,8.317445019630322349e+02
7.229070492759650524e-01,5.900000000000000000e+01,1.671753476007770018e+02,3.510732441687148366e+02,2.847176429282083632e+02,2.583511362083910967e+02
4.338181054098646960e+00,2.800000000000000000e+01,1.675423992347043622e+02,3.509883984684203142e+02,2.863469888498888736e+02,1.925672367404893066e+03
1.852324043247985941e+00,5.700000000000000000e+01,1.679115234526048539e+02,3.503716654313632830e+02,2.910413656494940255e+02,-3.441679367661156448e+02
2.375600780553925873e+00,4.700000000000000000e+01,1.682710363375572058e+02,3.500234073688897070e+02,2.918000745330791688e+02,3.676650989736536417e+02
2.277008402128186226e+00,3.300000000000000000e+01,1.699601526038166242e+02,3.500232584895052241e+02,2.954159746760740290e+02,2.266962705137501871e+03
3.591418739388639203e+00,3.100000000000000000e+01,1.699622380773691646e+02,3.493711777575505835e+02,2.963140175115823922e+02,-1.355411523572861825e+03
2.353745615519215129e+00,3.000000000000000000e+01,1.699923488037920549e+02,3.492951415776485078e+02,2.977263624050319777e+02,1.268844890955714845e+03
3.433157837658315614e+00,3.900000000000000000e+01,1.710983355545475604e+02,3.485600285377168461e+02,2.987405616063316529e+02,4.311964870352978210e+02
3.032037212595309228e+00,2.900000000000000000e+01,1.714040444137573616e+02,3.484380456246253743e+02,2.998539513167969517e+02,8.298179031436766309e+02
2.276774039985610898e+00,3.200000000000000000e+01,1.722159733290511667e+02,3.482742970278899293e+02,3.026477990967997584e+02,1.665901709624142086e+03
1.712375461705501589e+00,2.600000000000000000e+01,1.734150745287977031e+02,3.481888472272645458e+02,3.029562016321027613e+02,2.474352141183726872e+03
3.221559079184944885e+00,2.200000000000000000e+01,1.735239146553493299e+02,3.472506553204862598e+02,3.083912687719719088e+02,4.957879151380502663e+02
2.797044792888424780e+00,2.400000000000000000e+01,1.747103172845045833e+02,3.466907349533176443e+02,3.105499873925186307e+02,1.410808624304289651e+03
1.703785361488393768e+00,4.800000000000000000e+01,1.753699953332568668e+02,3.462366336879748587e+02,3.110475235009199650e+02,1.242396115293544426e+03
1.170223462930360725e+00,5.900000000000000000e+01,1.762276354448540587e+02,3.461736128194736466e+02,3.115544070744817873e+02,1.495501810588622448e+03
1.143087362436287613e+00,2.100000000000000000e+01,1.767344301136667468e+02,3.446896763822044250e+02,3.128102507246702544e+02,5.523468991963439976e+02
3.783900491274674316e-01,5.200000000000000000e+01,1.772417712766796285e+02,3.422690629699865212e+02,3.146325035263462837e+02,1.720154464814647099e+03
1.404535917523133115e+00,4.400000000000000000e+01,1.784200641784549362e+02,3.419225686129971109e+02,3.189589375246180225e+02,2.427316654179527177e+03
2.468057432031971921e+00,2.200000000000000000e+01,1.787533857082499082e+02,3.418444067091043621e+02,3.195078118099308995e+02,1.596990095533338490e+03
1.795956108820545349e+00,2.000000000000000000e+01,1.787838790859661344e+02,3.414453408029070829e+02,3.206762273951682118e+02,-1.677044391179326794e+02
2.849581979187309599e+00,3.800000000000000000e+01,1.790901080463944766e+02,3.407974908475627558e+02,3.235133482053813623e+02,1.337685976861017707e+03
3.028848615231953811e+00,4.000000000000000000e+01,1.801219921699683368e+02,3.403839164562843393e+02,3.241049440563105577e+02,8.525692268670483145e+02
1.192597753215161038e+00,3.800000000000000000e+01,1.822295478986939088e+02,3.359381230767749571e+02,3.242375795566300098e+02,1.152966854447870674e+03
4.455869751469133888e+00,4.300000000000000000e+01,1.827063321641990399e+02,3.357172780168231725e+02,3.267572965832014233e+02,1.931820252548226790e+03
3.012133517511037528e+00,4.000000000000000000e+01,1.830571413171165602e+02,3.354407435800467852e+02,3.281254962407848552e+02,1.776518594463506815e+03
2.706201120732436127e+00,3.800000000000000000e+01,1.839552760823332278e+02,3.351887552003709061e+02,3.295800202197473254e+02,2.222329733391985656e+02
4.188614641157617946e+00,2.000000000000000000e+01,1.847211256208715611e+02,3.351283075387760846e+02,3.300950810049941424e+02,1.697163413973775050e+02
1.159153605897692563e+00,4.500000000000000000e+01,1.849143390760303589e+02,3.343942844492682980e+02,3.350316441219798094e+02,2.026045131279632869e+03
1.939474211751700317e+00,2.200000000000000000e+01,1.850306241120913171e+02,3.342714272732217751e+02,3.360786448586047186e+02,4.462187634536874725e+02
3.048744547304707009e+00,2.900000000000000000e+01,1.872978513051767209e+02,3.333567431385346822e+02,3.391286988688649444e+02,-7.735824991093088556e+02
4.491461926953542516e+00,4.400000000000000000e+01,1.885197551958779343e+02,3.306323103300316575e+02,3.401070436090650446e+02,1.281706990430654969e+03
2.331946589569865669e+00,5.500000000000000000e+01,1.886505331593302799e+02,3.294095905288447170e+02,3.406389077600333621e+02,5.221971199997767599e+01
2.567050219494511953e+00,3.000000000000000000e+01,1.890004436646525789e+02,3.293088934778040198e+02,3.459807580479154012e+02,2.597102136763011799e+02
6.683681647665820069e-01,2.900000000000000000e+01,1.892904802367785919e+02,3.288615311203865303e+02,3.476236662006863298e+02,-3.073530324817033943e+02
1.974545558846075188e+00,4.400000000000000000e+01,1.895868559370323680e+02,3.287251443147122245e+02,3.485250317145383292e+02,2.365752562412595807e+02
2.032359392584646596e+00,3.800000000000000000e+01,1.900044946745329355e+02,3.276049035442160857e+02,3.499324052775853602e+02,3.246316097359778041e+02
5.213435782353975867e+00,4.000000000000000000e+01,1.901308829295036560e+02,3.272900030380602630e+02,3.509136707526478176e+02,1.608517854137866834e+03
3.382349708887258721e+00,2.200000000000000000e+01,1.910745975902263183e+02,3.262416283875896852e+02,3.511912203464074764e+02,1.417451222623798913e+03
2.299931112320180659e+00,4.300000000000000000e+01,1.912057946273503433e+02,3.254195910562165750e+02,3.525633158945799437e+02,1.326885910849205175e+03
2.882168366061203191e+00,4.500000000000000000e+01,1.920106782542547137e+02,3.253899853694912849e+02,3.535611175392209589e+02,1.441880361916011680e+03
2.501731294077836232e+00,2.700000000000000000e+01,1.921170609332248205e+02,3.249447649752373195e+02,3.548648327367180286e+02,2.440459128012485621e+02
3.064600650109437829e+00,2.400000000000000000e+01,1.923051917637348538e+02,3.243521838726575766e+02,3.553488997838626346e+02,1.292715898916646438e+03
3.420902912233474424e+00,4.400000000000000000e+01,1.923194841191842670e+02,3.239098398434211390e+02,3.554217919975421864e+02,1.430338968458607724e+03
2.430887315912334756e+00,4.600000000000000000e+01,1.923524789634705314e+02,3.234822804799010214e+02,3.626136829468010205e+02,6.055081148189697160e+02
1.585025727108281490e+00,5.200000000000000000e+01,1.927818925761844184e+02,3.232369615709300206e+02,3.626822001255326313e+02,-7.947125273856306649e+02
1.735223110358685261e+00,4.700000000000000000e+01,1.928195521753147830e+02,3.210362870868553387e+02,3.639705219848689239e+02,6.847998748584894884e+02
1.738303298274516129e+00,5.300000000000000000e+01,1.928653174647986077e+02,3.205790983341739206e+02,3.647806019044335244e+02,7.787545331632491070e+02
2.357902177756447948e+00,3.700000000000000000e+01,1.932659461801400198e+02,3.205254381140374562e+02,3.648725443292613591e+02,1.293277412846827019e+02
3.148831182484543856e+00,2.300000000000000000e+01,1.936585103879960172e+02,3.204425851809550636e+02,3.665540428150521279e+02,4.998551424528193365e+01
3.467047113701887895e+00,4.100000000000000000e+01,1.949015150925149840e+02,3.198113259372092898e+02,3.690255378815573977e+02,2.054098036406719075e+03
1.288550306439475435e+00,3.600000000000000000e+01,1.951241811855921924e+02,3.196254777389210062e+02,3.690654855005575428e+02,4.508590488165228862e+02
2.571893997731764969e+00,5.700000000000000000e+01,1.961158366056054092e+02,3.194901888524787523e+02,3.710461486460789615e+02,1.783152212741875246e+03
2.782526819605907420e+00,3.300000000000000000e+01,1.965376544666063978e+02,3.193017510924346993e+02,3.727079024071800859e+02,-2.499918921994855054e+02
4.201945674474253600e+00,4.700000000000000000e+01,1.967176891755778456e+02,3.191602200948012751e+02,3.746174156291378381e+02,1.736304078632026631e+03
4.123821634108224110e+00,3.100000000000000000e+01,1.972562977808267135e+02,3.184293298152266516e+02,3.761299781055209337e+02,-4.018048672305192213e+02
3.168810837034887751e+00,3.000000000000000000e+01,1.972904676453470643e+02,3.176324595803235411e+02,3.767538620188981895e+02,-3.067986600528665804e+02
2.488680522369961068e+00,2.200000000000000000e+01,1.975903780544555843e+02,3.168572537202394983e+02,3.774963564049650699e+02,8.605474015156878522e+02
2.469544284537779522e+00,5.500000000000000000e+01,1.978364042671368566e+02,3.155280687181873986e+02,3.778533051219036452e+02,2.734946288441697106e+03
2.572230686995768512e+00,4.400000000000000000e+01,1.982147457244761029e+02,3.151620774274844621e+02,3.796347961953364347e+02,-5.295705887671283563e+02
1.288645621093780225e+00,5.600000000000000000e+01,1.985956807953938892e+02,3.142753470640478781e+02,3.799884596781166124e+02,1.367467816601258392e+03
2.978121933787584830e+00,5.600000000000000000e+01,1.995378910776875614e+02,3.141557730568276838e+02,3.853780615240187899e+02,4.503048796082782701e+01
3.831612569604924801e+00,4.400000000000000000e+01,1.997950436191411256e+02,3.133908597745498810e+02,3.854658334352336055e+02,1.163244583214808699e+03
1.350760700503921496e+00,3.500000000000000000e+01,2.003141571952840820e+02,3.118393637296523480e+02,3.886195867898590564e+02,9.028795265078317698e+02
2.294011573711235208e+00,5.500000000000000000e+01,2.005818240007973259e+02,3.104834989116591828e+02,3.886499139046860023e+02,2.805315119724135457e+03
3.684747816110671259e+00,2.300000000000000000e+01,2.008873841690628410e+02,3.096402258524251465e+02,3.887960021029402924e+02,7.814437432581305529e+02
2.555242046713244619e+00,2.900000000000000000e+01,2.015444447481806378e+02,3.087113208900779568e+02,3.888626474551310821e+02,1.985056521380785171e+03
3.079147120475191901e+00,5.000000000000000000e+01,2.018188235724972515e+02,3.081943089151867525e+02,3.923814009155786948e+02,-3.392687167130825401e+02
2.869775932559384124e+00,3.200000000000000000e+01,2.025908413860738051e+02,3.079550250414038146e+02,3.925714805105268397e+02,1.392175614453501566e+02
3.265524005669552920e+00,5.400000000000000000e+01,2.031429068567871923e+02,3.075552026029216677e+02,3.929939524789137977e+02,3.218608622420870233e+02
2.172630704930404555e+00,5.300000000000000000e+01,2.032795151126407234e+02,3.062268273539504548e+02,3.960917590000748305e+02,1.114540058901874318e+02
2.515724201500632251e+00,2.900000000000000000e+01,2.040072335575386830e+02,3.060013080475485481e+02,3.993289139692966501e+02,8.834309878540470891e+02
2.030868477563255059e+00,4.400000000000000000e+01,2.045927441752616573e+02,3.046867883905310919e+02,4.004059678269780420e+02,2.744918604233338328e+02
3.040749044243372445e+00,2.200000000000000000e+01,2.047564611493483540e+02,3.038161283969145074e+02,4.021848992098293820e+02,-3.321823309123681156e+02
2.602308233265843374e+00,3.200000000000000000e+01,2.047854347457498250e+02,3.035922838452282235e+02,4.023680514008343607e+02,6.500750529955734009e+02
2.851469042138706111e+00,2.000000000000000000e+01,2.052965720694780600e+02,3.009082157314306869e+02,4.048089907789755557e+02,2.861703119308645455e+03
3.455823451880034813e+00,4.700000000000000000e+01,2.053961899749477880e+02,3.008986612495153281e+02,4.066574236628059680e+02,5.676399532528068903e+02
1.152197193665056574e+00,5.900000000000000000e+01,2.057459304444380450e+02,2.983003273050743474e+02,4.089989711373673344e+02,1.411588562655433179e+03
3.976866826657680321e+00,3.600000000000000000e+01,2.060656013908115085e+02,2.978090129390968173e+02,4.129646307798840894e+02,1.404913513517044976e+03
2.102430699485538845e+00,4.700000000000000000e+01,2.065608480888099336e+02,2.975835160190954980e+02,4.150806664873481964e+02,-1.154070396655257582e+02
2.046594522381402381e+00,4.400000000000000000e+01,2.071270882351722662e+02,2.974664950463489959e+02,4.161508160846318560e+02,1.318793868595320191e+02
3.469163541185362298e+00,2.600000000000000000e+01,2.078710423834600078e+02,2.960487497162509953e+02,4.189131312628434216e+02,-2.292733972480572220e+02
3.648851240149643793e+00,3.200000000000000000e+01,2.079534644568366275e+02,2.958684354508023944e+02,4.194000591575021986e+02,-8.210970150146101787e+01
2.922138248660400173e+00,5.000000000000000000e+01,2.085183960811631891e+02,2.956363962568145212e+02,4.211986553571657623e+02,1.143970078202098193e+03
2.636326024195642770e+00,3.300000000000000000e+01,2.090371493687449629e+02,2.955143440787972509e+02,4.213902602739978533e+02,3.281486122318449929e+02
8.905543120791972189e-01,3.500000000000000000e+01,2.092254403876843014e+02,2.948284506407868548e+02,4.231217742227476606e+02,1.031439092118589315e+03
1.794272792902103841e+00,5.600000000000000000e+01,2.095826820074956061e+02,2.936699112508907774e+02,4.294665126577183401e+02,1.176326005710568552e+03
1.592133215967630466e+00,2.400000000000000000e+01,2.098023848957604116e+02,2.933212322950481052e+02,4.308049005455881115e+02,1.493013835028154062e+03
2.794150542653625724e+00,3.300000000000000000e+01,2.100542482990628343e+02,2.926778805434533979e+02,4.319439994772144473e+02,-5.569839350879055928e+01
3.232941692699311531e+00,3.900000000000000000e+01,2.105205643527121708e+02,2.914966966483505075e+02,4.330800794975389749e+02,5.256733084552747641e+02
2.132250775151555811e+00,3.600000000000000000e+01,2.106897969112000055e+02,2.914389116257528372e+02,4.333700806851975358e+02,1.301943376141015506e+03
4.015323560093196242e+00,5.400000000000000000e+01,2.107291600655710511e+02,2.903001813641304807e+02,4.347430100785613831e+02,1.888906493651696337e+03
2.881595254349931245e+00,5.900000000000000000e+01,2.107653159963917346e+02,2.900582060288644470e+02,4.353128934748667120e+02,2.061107364333052828e+03
3.466655451471161165e+00,2.200000000000000000e+01,2.112139910319058345e+02,2.892392473933634278e+02,4.391581566676582042e+02,2.736065842695383253e+03
3.835247203736732224e+00,5.100000000000000000e+01,2.124301016709098064e+02,2.891579810211409836e+02,4.426859997825130222e+02,1.224315693698833456e+03
3.567812501822459570e+00,3.200000000000000000e+01,2.125339462137519888e+02,2.884995922968980722e+02,4.438124605074513056e+02,2.196980422382733195e+03
2.139090026542849188e+00,5.500000000000000000e+01,2.126578838801819700e+02,2.883038053323765553e+02,4.478513170235689813e+02,1.040523547811215394e+03
2.489227174220729921e+00,2.200000000000000000e+01,2.132648500811598069e+02,2.881197036007623637e+02,4.484932437903371465e+02,-2.024834737009201717e+02
3.861879498727330606e+00,2.100000000000000000e+01,2.136080582839943247e+02,2.873083566730206257e+02,4.526604369460419548e+02,6.409653834306716362e+02
2.743535769421212134e+00,2.800000000000000000e+01,2.140267577326308981e+02,2.871025172356597182e+02,4.526904829604613951e+02,-6.468049655806935334e+02
7.629034249106279031e-01,3.700000000000000000e+01,2.141389761753561629e+02,2.867043103104584816e+02,4.529146306375443487e+02,1.147381773723374408e+03
3.357247819970196723e+00,4.700000000000000000e+01,2.144019215705742454e+02,2.862209999167764636e+02,4.546037950116804041e+02,2.584377006706192788e+03
4.706754504256692506e+00,3.200000000000000000e+01,2.144987104508105631e+02,2.861604545595844797e+02,4.549414238906066430e+02,3.835691808805472647e+01
2.103525627262847308e+00,4.000000000000000000e+01,2.146896862469207861e+02,2.856137956609726984e+02,4.568644543927202903e+02,7.596534617618380025e+02
2.049996232132937912e+00,2.700000000000000000e+01,2.148800714843389699e+02,2.843610732748132932e+02,4.577100277800022354e+02,1.684763684514168290e+03
1.123646046719201985e+00,2.100000000000000000e+01,2.158541155670411626e+02,2.829924964193477877e+02,4.584731367087246099e+02,5.146444189274883456e+02
2.937449975429695215e+00,4.700000000000000000e+01,2.171353606386589092e+02,2.823019765507406760e+02,4.590774690743708675e+02,-4.530135642345978795e+02
3.682865847759869471e+00,4.000000000000000000e+01,2.176052526859890577e+02,2.819122524462763977e+02,4.628939739990737507e+02,3.618639701992633491e+02
1.441627395977512993e+00,2.200000000000000000e+01,2.177417836476101627e+02,2.788798045131298977e+02,4.642088531370878854e+02,4.968557523639671558e+02
1.866474955632427157e+00,3.600000000000000000e+01,2.180868678546823958e+02,2.788075780898056450e+02,4.644448134325867272e+02,-9.562043515145414858e+02
1.633216684565100163e+00,5.300000000000000000e+01,2.182783672465776021e+02,2.759985815555419890e+02,4.672825934476481962e+02,1.156096804705775867e+03
5.244654092991332561e+00,5.300000000000000000e+01,2.184235432273098922e+02,2.757953356103923284e+02,4.675245036218512382e+02,1.610644726802470814e+03
3.355027165036862602e+00,4.400000000000000000e+01,2.190363274527378223e+02,2.757911488691211730e+02,4.684659297723962936e+02,1.978047759576728140e+03
3.411134355579378941e+00,4.700000000000000000e+01,2.196332113082295336e+02,2.753392467006012225e+02,4.694595200266243182e+02,1.527534033542592169e+03
3.706158146722246194e+00,3.100000000000000000e+01,2.196766362370241836e+02,2.740225106912693036e+02,4.694599556471381447e+02,2.013290167095373135e+03
1.522512076567080541e+00,3.300000000000000000e+01,2.204787901536366519e+02,2.734496617189221297e+02,4.694791954528385531e+02,5.729312438090069008e+02
3.427058308427134214e+00,4.500000000000000000e+01,2.209431347476890153e+02,2.729442897104113968e+02,4.704626013003965568e+02,3.716800529317625319e+02
4.435592495435797034e+00,2.500000000000000000e+01,2.216044421794701407e+02,2.719561893757625057e+02,4.741159501518359320e+02,-2.277292004678822650e+02
3.739620102471104879e+00,3.400000000000000000e+01,2.217732489719237492e+02,2.719538186416888266e+02,4.747617062386241287e+02,5.937427849599791898e+02
1.445766245419163987e+00,4.300000000000000000e+01,2.218931547879954564e+02,2.716337841119592440e+02,4.757532276966139761e+02,6.604533141818016020e+02
2.484986916805182133e+00,4.800000000000000000e+01,2.219700618627302902e+02,2.715693198867708702e+02,4.761501940531429682e+02,1.257728408381821737e+03
2.469197114409205085e+00,4.000000000000000000e+01,2.220498514607011771e+02,2.714710992127634199e+02,4.791268535350850470e+02,-6.988550593126878994e+02
3.137033443643366226e+00,4.400000000000000000e+01,2.230100188160954531e+02,2.709873898138835102e+02,4.794091084749847482e+02,6.885162340983241620e+02
2.343334378774780902e+00,2.000000000000000000e+01,2.230294706313301560e+02,2.707330204420903783e+02,4.797862339654582229e+02,1.146255657424936544e+03
3.104631904485484650e+00,5.800000000000000000e+01,2.232353456682452872e+02,2.701862230575661670e+02,4.819543524075288019e+02,-1.316734542428347368e+02
4.202903400706889947e+00,2.000000000000000000e+01,2.239718692714844224e+02,2.696314411777318583e+02,4.821305375658459980e+02,-4.440055204854991189e+01
1.794524745103455832e+00,3.400000000000000000e+01,2.242035588664616057e+02,2.693835385578636874e+02,4.829082850080796447e+02,1.508263443644787458e+03
1.222367281217883850e+00,2.400000000000000000e+01,2.249246684499487969e+02,2.690006750725103757e+02,4.836744473303028258e+02,3.553892627641232593e+01
2.430848865774670298e+00,5.300000000000000000e+01,2.256944104134361737e+02,2.685373006459026328e+02,4.860006053337252183e+02,-6.221076755343647164e+02
1.146006997395558002e+00,2.000000000000000000e+01,2.259395400216204166e+02,2.677261096008952563e+02,4.943842738070453606e+02,1.626097293310283476e+02
8.897671582857851202e-01,3.000000000000000000e+01,2.262558569339609562e+02,2.656330634433374485e+02,4.948547686486124917e+02,-5.810800991473126942e+02
2.031413358540119951e+00,5.700000000000000000e+01,2.273465773265605208e+02,2.642846789807093728e+02,4.966175257376006016e+02,-9.448272762737692574e+02
1.042313302812241771e+00,4.700000000000000000e+01,2.277949406016197713e+02,2.635867999466485116e+02,4.975155864559758925e+02,9.262378679442966813e+02
2.167013988056446738e+00,5.100000000000000000e+01,2.283300846362292873e+02,2.610896136980071560e+02,4.994217733546578302e+02,9.012323199578820550e+02
1.904052079294705990e+00,5.700000000000000000e+01,2.285520522441229332e+02,2.607467590450072521e+02,5.002160338392783956e+02,-5.174895499381491391e+02
1.869758252296184864e+00,5.200000000000000000e+01,2.290007521373486270e+02,2.599111209988170685e+02,5.018167453780105802e+02,-2.560492168078687882e+02
1.090437370378747328e+00,4.600000000000000000e+01,2.296699658080936786e+02,2.588922662772518493e+02,5.039260541461570142e+02,1.638909069517675334e+03
2.529431861790965463e+00,2.100000000000000000e+01,2.300488665977954099e+02,2.578523500674668867e+02,5.059354615110120790e+02,8.463153497392984264e+02
3.505503512864739157e+00,2.700000000000000000e+01,2.306767946608271416e+02,2.557663377355072782e+02,5.063043021910487482e+02,-1.913893357293104600e+02
3.524745669069492493e+00,4.600000000000000000e+01,2.322853701906895481e+02,2.555556780519526399e+02,5.069211084419043800e+02,7.255129109504656526e+02
1.828567673473519228e+00,2.600000000000000000e+01,2.325360339532779221e+02,2.553422184819486347e+02,5.079928349632066329e+02,8.793603743880579486e+02
3.359622487751455111e+00,4.600000000000000000e+01,2.328586580679525468e+02,2.546035913499888466e+02,5.111675095581822461e+02,1.022769411782574480e+03
2.150567281141707809e+00,4.700000000000000000e+01,2.333758214578382706e+02,2.526934698829513195e+02,5.148114382529483919e+02,1.183918879162018129e+03
4.640561149715214384e+00,2.400000000000000000e+01,2.336960725376363825e+02,2.517153297072598548e+02,5.152010221786373450e+02,6.255956501756595571e+02
4.106251276099349035e+00,3.500000000000000000e+01,2.337122501497595124e+02,2.499554899715047611e+02,5.212401015024789785e+02,2.311518067266288199e+03
2.782322446915680203e+00,2.100000000000000000e+01,2.341762513492880657e+02,2.494621836349361672e+02,5.229304725507720377e+02,6.836938279121779942e+02
7.275268010331448210e-01,5.900000000000000000e+01,2.344159653785677904e+02,2.482625835943355526e+02,5.238826875046636360e+02,2.038590521197870885e+03
4.378313306529570070e+00,4.200000000000000000e+01,2.350480079133445201e+02,2.463619965987381022e+02,5.243588501863712281e+02,4.888857623548201445e+02
1.639654334262203417e+00,4.000000000000000000e+01,2.350920273325324388e+02,2.463239669624451835e+02,5.244995887706734266e+02,1.014247552797788558e+03
3.486785884497141108e+00,5.600000000000000000e+01,2.354396214852841354e+02,2.454384326142680379e+02,5.247717314583999269e+02,1.424534880250724200e+03
-1.505098709942704893e-01,2.600000000000000000e+01,2.357587635235116750e+02,2.442395639214828975e+02,5.258627946261331090e+02,2.353191928560233009e+03
2.947996563310769425e+00,4.700000000000000000e+01,2.359010068808292715e+02,2.434326342627045108e+02,5.284327230946757936e+02,-7.880995440757726556e+02
1.185670202863728262e+00,3.400000000000000000e+01,2.364427060332793644e+02,2.432158881649031628e+02,5.388651346981637289e+02,1.557319612610642707e+03
3.920582845683334039e+00,5.500000000000000000e+01,2.365171924265432608e+02,2.380901161561760375e+02,5.396685958588454923e+02,5.392101132323871298e+02
2.482198133656123407e+00,3.900000000000000000e+01,2.367144843674632568e+02,2.374213230660781164e+02,5.486612138752436749e+02,4.315807986746472125e+02
3.038603445172971096e+00,2.500000000000000000e+01,2.374451978078841705e+02,2.372307284501461027e+02,5.486846001534329389e+02,7.550710883763485981e+01
4.550780068740550632e+00,2.000000000000000000e+01,2.378549633502224196e+02,2.356260550270762053e+02,5.526961711153012402e+02,1.499037242550594328e+03
3.449759194045551425e+00,2.600000000000000000e+01,2.378887770905106720e+02,2.340368438002000744e+02,5.569791425708208408e+02,8.121596215141187258e+02
1.991649633500190752e+00,5.500000000000000000e+01,2.379032966202704813e+02,2.308594412351098413e+02,5.578840671344772772e+02,1.928769797370778406e+03
3.235873154999280743e+00,2.700000000000000000e+01,2.389349084701617585e+02,2.286635384462752540e+02,5.585381031315947666e+02,1.018893498681527262e+03
2.407573015796401261e+00,4.300000000000000000e+01,2.391577675107612322e+02,2.264134735564400955e+02,5.590355173225091221e+02,1.766338454123773772e+03
3.208521341986001474e+00,5.800000000000000000e+01,2.397969389595685925e+02,2.254856588473508623e+02,5.597407997179064978e+02,-4.765938136351787762e+02
2.849890718118827326e+00,2.800000000000000000e+01,2.400701257555937218e+02,2.248425125273488447e+02,5.668992330595544900e+02,9.627882492680635096e+01
2.952972528059884638e+00,3.100000000000000000e+01,2.401127894519354697e+02,2.241173768327915354e+02,5.709404656101402225e+02,-1.236307940597719835e+03
2.422275316030619852e+00,2.000000000000000000e+01,2.412729064232366341e+02,2.225699658930134319e+02,5.719864595480881917e+02,1.085672182097398945e+03
1.256563585312709952e+00,3.500000000000000000e+01,2.420543727910583698e+02,2.215528862094498663e+02,5.749374001824226070e+02,1.611009021394681895e+03
2.000912160753910207e+00,5.800000000000000000e+01,2.428904724580035861e+02,2.212916466099248964e+02,5.783405206639210974e+02,-3.061684813040520794e+02
2.557473284756131449e+00,4.700000000000000000e+01,2.434993432420678801e+02,2.195979960919899270e+02,5.832152432774311137e+02,1.504631908464725711e+03
4.389949787856107122e+00,3.300000000000000000e+01,2.440589538955326816e+02,2.195511620728071875e+02,5.912744164231933155e+02,2.002750132905747478e+02
3.389610649499763539e+00,5.200000000000000000e+01,2.450133298820011021e+02,2.132913640643155304e+02,5.915166248290377098e+02,1.501413620657953288e+03
1.074332428753288493e+00,4.400000000000000000e+01,2.450401250873450749e+02,2.130184455340902616e+02,5.958328421695306361e+02,7.606393280558349943e+02
3.788688252228688214e+00,3.400000000000000000e+01,2.451531253931746903e+02,2.128650990276091193e+02,5.998561532261588809e+02,7.301666887322767252e+01
2.808588172004468753e+00,5.600000000000000000e+01,2.459606263120745098e+02,2.126676304236934243e+02,6.002326681563229158e+02,5.176648334518381489e+01
4.179830467305327701e+00,4.300000000000000000e+01,2.466702336245138554e+02,2.094377991205257388e+02,6.024958930023218500e+02,6.767430454672706901e+02
2.213828840659236352e+00,5.000000000000000000e+01,2.470637324651578410e+02,2.092829419089477767e+02,6.042860609223746451e+02,3.695784397332691924e+02
3.444188830059058848e+00,2.800000000000000000e+01,2.476936381243965286e+02,2.066927840169072397e+02,6.116444927698772744e+02,-5.481792192495943254e+02
1.905854192194995411e+00,5.900000000000000000e+01,2.479824912838112709e+02,2.066355782980481308e+02,6.151688914849845560e+02,-6.699398965280602170e+02
3.251980780149323014e+00,4.400000000000000000e+01,2.485663894942992158e+02,2.060198460957460043e+02,6.164932417028687723e+02,6.724193537482889269e+02
2.483703897632732804e+00,5.000000000000000000e+01,2.511386449221848807e+02,2.048063981475580135e+02,6.247408657843051287e+02,9.271546570182490541e+02
1.416220277134183414e+00,2.700000000000000000e+01,2.512746056341441943e+02,2.045732892441292847e+02,6.262171772168655934e+02,2.275859244786859108e+03
4.546157836725436496e+00,5.900000000000000000e+01,2.516320230015313086e+02,2.020534988668082974e+02,6.265097393198396958e+02,-4.602664864915220733e+01
3.345475287708525425e+00,4.300000000000000000e+01,2.530542744928026480e+02,1.996025004489692947e+02,6.300512074306581098e+02,-2.049960483150213122e+02
2.502518719313214124e+00,5.000000000000000000e+01,2.551189347953261972e+02,1.965319320706940402e+02,6.352394102987561837e+02,1.776540263218993914e+03
1.628945772023719041e+00,4.100000000000000000e+01,2.554196916221831941e+02,1.950829181435759949e+02,6.396529091952281760e+02,1.392517848558545893e+03
2.744864349645545598e+00,3.100000000000000000e+01,2.555843938017898722e+02,1.940209473696078248e+02,6.434266270491316391e+02,-1.147470157674973052e+03
2.356250293199117607e+00,5.800000000000000000e+01,2.560240884701239565e+02,1.911242107394587038e+02,6.454590492854719059e+02,-4.087888347120851904e+02
3.479310387481314493e+00,3.300000000000000000e+01,2.568552033452193086e+02,1.900368331265559334e+02,6.469932956404053357e+02,-2.438100423605001197e+02
2.637276508180196544e+00,5.700000000000000000e+01,2.574424017576601500e+02,1.894705152884989161e+02,6.482258226631545313e+02,2.069883920780821995e+02
2.203018411099769036e+00,3.400000000000000000e+01,2.598241023645207406e+02,1.834193343377501719e+02,6.526741759486433239e+02,9.190990228922516962e+02
3.016647438513947677e+00,4.300000000000000000e+01,2.625641336374303023e+02,1.826205338050068008e+02,6.541914538235271266e+02,3.202979299630546848e+02
9.308902714247775378e-01,4.800000000000000000e+01,2.636203594480001584e+02,1.791905972441412018e+02,6.543910002310306027e+02,-2.963928562879303854e+02
1.386059759227969312e+00,4.500000000000000000e+01,2.652558436370005097e+02,1.788186323554580213e+02,6.552178724425625660e+02,1.505936195992423336e+03
4.651764841546396134e+00,4.200000000000000000e+01,2.656770721011035334e+02,1.772269967323768469e+02,6.627727039625699490e+02,1.702131847957959963e+02
3.125092121518781685e+00,5.400000000000000000e+01,2.669785302619007439e+02,1.769037887417338766e+02,6.637281986179734758e+02,1.367108254188909541e+03
1.271512019807932825e+00,4.200000000000000000e+01,2.675501256039889313e+02,1.734214624104531595e+02,6.655104790804914501e+02,2.665461777917060999e+02
1.527961837495678932e+00,5.800000000000000000e+01,2.688498414038743931e+02,1.725192856314026244e+02,6.668350912988320260e+02,2.007978427835202524e+02
7.375126491619687918e-01,4.700000000000000000e+01,2.689773460679185746e+02,1.708249370716554267e+02,6.811815212385871519e+02,-3.094862271369274822e+02
2.595647086958906780e+00,3.100000000000000000e+01,2.694723488378190268e+02,1.686822990369051354e+02,6.823910617233118501e+02,8.600135926551176908e+02
1.694153327902115480e+00,5.100000000000000000e+01,2.708353510670966102e+02,1.673166438935222402e+02,6.841872929415078488e+02,-6.586317957316691718e+01
2.006958089471349904e+00,4.900000000000000000e+01,2.718707105748388813e+02,1.656779902030523601e+02,6.858098335294034769e+02,7.729297407468332040e+02
2.333072690670181082e+00,3.600000000000000000e+01,2.725287746541889646e+02,1.634843849903787714e+02,6.882685732085270729e+02,1.340732965144031823e+02
1.798179413667821525e+00,3.200000000000000000e+01,2.734733488856479084e+02,1.582173369947287256e+02,6.976260271081209794e+02,1.304056989410896222e+03
1.703109852544673952e+00,5.600000000000000000e+01,2.739375151706437350e+02,1.566653735128700191e+02,6.987694995288899236e+02,7.151689139232870502e+02
1.883826494100613091e+00,5.300000000000000000e+01,2.742517463757088763e+02,1.528989021498435363e+02,7.034057191588476599e+02,-5.090685513514401919e+02
2.501493846929846665e+00,4.000000000000000000e+01,2.746208904192379805e+02,1.505361495618286085e+02,7.176822101613341829e+02,1.330495133033919046e+03
2.290249231908832783e+00,2.300000000000000000e+01,2.766499558024765406e+02,1.485909444886292476e+02,7.227857173465527012e+02,1.882185675017144149e+03
3.195488024315412456e+00,2.200000000000000000e+01,2.774614789212515689e+02,1.477518192091926608e+02,7.282461655039568313e+02,9.555843101751894437e+02
3.550493500728965302e+00,5.900000000000000000e+01,2.787626128881323666e+02,1.446472187948941723e+02,7.362344050303147469e+02,1.073352990270499731e+03
2.919428314611387520e-01,5.800000000000000000e+01,2.805072839148708681e+02,1.375471197564753538e+02,7.389306950486052301e+02,1.126530799825768554e+03
4.118616827014469628e+00,5.400000000000000000e+01,2.843645475638695643e+02,1.326938787304056859e+02,7.584424349952371358e+02,4.448751271760789905e+02
1.651806810548430260e+00,3.400000000000000000e+01,2.889019346828813468e+02,1.276730230847232406e+02,7.701679108906206466e+02,6.094990523983237836e+02
3.293793542578557165e+00,2.900000000000000000e+01,2.916595039046926559e+02,1.250095536947160042e+02,7.711414731033864882e+02,1.422803443877585323e+03
2.176216379262610801e+00,4.800000000000000000e+01,2.925885175413634443e+02,1.223186744969630126e+02,7.770469017821724265e+02,9.237341001866409442e+02
2.487618114435290906e+00,3.400000000000000000e+01,2.977198126261080233e+02,1.112332785116597620e+02,7.824853053582680786e+02,-7.833769784292678651e+01
1.589199947846161365e+00,5.100000000000000000e+01,2.986694055612432521e+02,1.098321990740851959e+02,7.890177346949083130e+02,9.508736776927913752e+02
2.500501288586264081e+00,2.100000000000000000e+01,3.034337137744478241e+02,1.068126854967376289e+02,8.054618226300484594e+02,1.962612970740430683e+03
2.428242550736229965e+00,5.100000000000000000e+01,3.049875793671778865e+02,1.040025268338493731e+02,8.203481764633988860e+02,4.093080522498687515e+02
1.985568856983750186e+00,5.200000000000000000e+01,3.093612363992603491e+02,9.917452092539366504e+01,8.326688407639770730e+02,1.230746263509245182e+03
2.697160004275296785e+00,3.300000000000000000e+01,3.179225048219590235e+02,8.333207282944917438e+01,8.683570786787238376e+02,3.465631035692476871e+02
2.401313064136254560e-01,3.100000000000000000e+01,3.209495700370396207e+02,7.757644252207882118e+01,8.762079066252481425e+02,2.197315725444914733e+03
-2.793705550854983954e+00,3.400000000000000000e+01,3.302155984262950028e+02,6.379759372323982802e+01,8.994028196062338338e+02,9.087691512286528450e+01
1.010284944166280008e+00,3.200000000000000000e+01,3.657006448047814047e+02,3.030109676192836332e+01,9.254127852027041854e+02,2.862738564440865503e+03
